Nome do ficheiro;Texto
entrevista_Duda.txt;"Eco das Raízes 

Bom dia, posso gravar a nossa entrevista? 

Com certeza. Ok. 

Eu queria saber, como era a relação com seus pais, meus avós, quando você era criança? 

Não era uma relação muito próxima, porque a educação antiga não era assim, como é hoje, que os pais são próximos. Hoje, em dia, a educação, os filhos é quem mandam nos pais, os pais não têm autoridade. Mas meus pais, onde a gente ia, nós íamos todos, eram seis filhos, e todo mundo se comportava, a gente nunca teve problema de quebrar coisas, de ficar uma desordem, de ficar correndo pelos lugares, de ir quebrando coisas. Eram seis e todo mundo se comportava, todo mundo entrava no restaurante, todo mundo ficava ordeiro, e, nesse ponto, eu acho que era positivo, porque havia respeito e havia ordem e educação.

Mas meu pai criou a gente com muita rigidez, a educação era muita rigidez, principalmente para mim, que fui a primeira. Os três últimos já foram mais suaves, mas a minha educação, em relação a mim, foi sempre muito rígida. E é tanto que eu, muitas das minhas posições, das minhas atitudes, em decorrência desse tipo de educação que eu tive.

Podemos dizer, então, que era uma relação boa, mas tinha a questão da autoridade?

A autoridade era uma coisa muito forte, muito evidente. 

Ok. Tem alguma lembrança da sua infância que te marcou muito? 

Tem várias, em relação a quê? Dependendo do tipo de situação, tem algumas. Alguma coisa que tenha marcado, em algum momento, uma lembrança? Um presente que ele deu, que eles deram em algum momento, alguma viagem, alguma coisa assim. Tem várias coisas.

Teve uma viagem que eu fiz com meu pai, que eu fiz com ele e a minha irmã, que a gente fez sozinha, que a gente foi ao médico. A gente morava em Penedo e a gente foi de ônibus, porque eu estava crescendo muito. Eu cresci doze centímetros em um ano. E aí meu pai ficou muito preocupado. Eu só tinha doze anos. E a gente foi de ônibus. Foi um dia, um fim de semana assim, que isso aí nunca aconteceu, nunca tinha acontecido. Minha mãe não podia ir, porque tinha outros quatro para tomar conta, então foi eu, meu pai e minha outra irmã, a segunda depois de mim.
  
E a gente ficou no hotel, eu me lembro demais, a gente ficou no hotel no centro de Recife, no Hotel Guararapes. Até hoje eu sinto o cheiro do desinfetante do hotel. Eu tinha dezesseis, não, eu tinha doze anos, na época tinha doze anos.

Eu tinha doze anos e eu já tinha um metro e setenta, eu tinha um metro e setenta, um metro e setenta e um, por aí, com doze anos. Por conta disso, meu pai ficou preocupado. Mas foi uma viagem inesquecível, porque eu fui [para Recife], fui para o médico. Era um médico lá no Instituto, uma clínica de medicina nuclear. E eu fiz vários testes de vários tipos. Eu fiz exercício para tirar o exercício em repouso, sem ser em repouso, o exame de sangue. Esses exames de sangue foram enviados para os Estados Unidos. Eu retornei [a Recife] trinta dias depois para ver o resultado. E o médico disse que eu ainda ia crescer mais, ia crescer de seis a oito centímetros. Realmente, eu cresci, eu tenho um metro e setenta e oito. Mas, eu com treze anos, eu já tinha um metro e setenta e oito. Eu era a mais alta do colégio. No sexto ano, eu já era a mais alta do meu colégio. 
  
Mas essa memória foi marcante, porque foi um momento de filha única, da senhora com o vovô, ou foi por causa dos exames? 

Foi tudo. Foi a única vez que eu viajei com o meu pai. Já viajei depois, já adulta. Mas foi a única vez que isso aconteceu. Foi uma coisa que, para mim, foi uma coisa que me levou [para o Médico] por causa de uma preocupação que ele teve comigo. E foi uma coisa totalmente diferente. Foi uma cidade que, eu nunca tinha ido para Recife. Eu não me lembro de ter ido para Recife. Fui exclusivamente para ir para o médico. E depois a gente foi, mas já foi a família toda. Fomos, ficamos em outro hotel e foi outra viagem, a gente foi de carro. Mas, dessa vez, a gente foi de ônibus. Fomos e voltamos de ônibus.

Entendi. A senhora acha que mudou muito desde aquela época para hoje em dia? 

Mudou muita coisa. Mudou muito, em que sentido? Mudou tudo, totalmente. 

Em que? Mudou em que? 

Tudo. Educação, tecnologia, transporte. Tudo. A forma das pessoas pensarem. Tudo totalmente mudou. Mudou sempre para pior, obviamente. A única coisa que ainda mudou um pouco, que mudou para melhor, foi a parte da medicina. A medicina mudou, o avanço da medicina foi muito grande. Mas a parte das pessoas mesmo, de caráter e tudo, essa parte mudou para pior. Isso é fato. As coisas mudaram para pior, sensivelmente.

Ok. Qual o valor mais importante que eles te ensinaram? 

Essa parte de respeito. Respeito, confiança. Valores de... Essa parte de valores de confiança é muito importante. Tanto do meu pai como da minha mãe, mas, principalmente, do meu pai. Quando a gente trabalha, principalmente no trabalho, relações pessoais, trabalho, onde a gente passar, a gente deixar sempre uma boa imagem da gente, que as pessoas sejam lembradas e deixam marca que a pessoa é uma pessoa confiável, que é uma pessoa que tem valores positivos, que deixou uma marca, alguma coisa de positivo por onde passa. Meu pai disse que era... Uma frase que ele me ensinou, que eu nunca esqueci, que é como se fosse assim, seja indispensável. Onde você for, faça com que o seu trabalho, faça com que a sua presença seja indispensável. Não deixe que as pessoas lhe descartem à toa. Seja indispensável. E foi isso uma coisa que pautei e sempre procurei ser na minha vida. Foi isso aí.

Bom, muito bom. A senhora acha que hoje, como adulta, a senhora entende melhor eles naquela época? Como eles agiam, as coisas que eles faziam? 

Sim, acho que na vida da gente, na hora, a gente faz sempre o melhor. Não pode querer que a vida deles também pode se posicionar a vida deles, como eles foram criados. Eles também não educaram a gente da forma que eles foram criados, porque a criação deles foi... Eles foram criados com muita dureza. Meus avós criaram o meu pai, tanto a minha mãe como o meu pai. O meu pai foi criado de uma forma muito dura. E eles foram infinitamente melhores com a gente. Mas a educação do meu pai foi muito rígida. Isso aí é sem dúvida. E a gente não pode ficar levando, dizendo que... Pensar só na parte que foi educada muito rígida. Tive uma educação... O meu pai era muito severo, porque era o melhor dele. Tenho certeza absoluta que ele estava fazendo aquilo ali para fazer o melhor. Tenho certeza que ele fez o melhor. Acho que a minha personalidade foi lapidada dessa forma. Não acho ruim a minha forma de ser, não. Eu gosto de ser assim. 

Se a senhora pudesse mudar, não mudaria nada? 

Não. 

Ok. E agora para as perguntas principais. Qual a característica que a senhora mais se orgulha de ter dado deles? Ou de algum deles? 

Essa parte que eu já falei, que eu tenho uma... Eu sou muito rígida na minha forma de... 

Em seus ideais, não é? 

Não, mas na minha forma de... De ver as coisas, de analisar. Eu sou muito rígida comigo, principalmente, e com os outros. Eu sou muito severa nas críticas com as pessoas. Eu tenho uma forma de pensar. Sou muito crítica no comportamento das pessoas. Não aceito muitas desculpas. Nisso aí eu sou muito... Você sabe disso. Você é minha filha, você sabe disso. Eu não aceito muitas desculpas, nem minhas. Eu sou muito rígida, principalmente, comigo. E com as pessoas. Assim como eu sou comigo, eu sou com as pessoas. Eu não acho que... Tem muitas coisas que acontecem que as pessoas... Hoje em dia, isso é uma coisa que eu acho errado. Hoje em dia, se desculpam muito as pessoas. ""Ah, porque é isso"", ""porque é aquilo"", ""Desculpa fulano fez isso porque é assim, porque é assado"". Não existe desculpa. As pessoas hoje se desculpam muito pelas más atitudes. E isso que está piorando o mundo é por conta disso. Porque não existe mais rigidez. Tem que ter uma certa rigidez na disciplina das pessoas. Não estou falando de ter regime de dureza, de castigo. Não, não é isso. Tem que ter uma certa cobrança mais rígida nas atitudes das pessoas. E as pessoas hoje estão deixando as coisas correrem frouxas e sem ter uma certa punição pelos atos que as pessoas fazem. E isso eu acho que está acontecendo. Principalmente os pais com os filhos. Os pais estão muito deixando a [coisa] correr frouxa. Não querem mais ter o trabalho de educar os filhos de forma correta. E isso meus pais fizeram bem com a gente. 

Uma coisa também que eu herdei deles, que é uma característica, é a minha memória. Tenho uma memória boa de fatos, de números, de datas, e isso eu herdei muito do meu pai. De memória de coisas que aconteceram, de locais, associar datas com locais. Eu lembro de coisas, dos lugares que morei, de eventos, de datas. Tanto que o Fernando fala muito: ""Como é que sabe das datas?"". Eu sei datas de coisas da minha infância, sei de tudo. E isso é meu pai. Quando eu lembro de datas, eu lembro dele. Ele sabe datas todas da infância dele e eu lembro isso. Isso é uma característica que eu herdei dele. Meus irmãos têm muito disso. Mas eu me vejo muito nisso aí. Eu herdei dele isso aí. Essa facilidade de decorar eventos, datas, episódios, onde foi, como foi. Isso é a memória que chama a memória do elefante. 

A memória a senhora herdou mais de vovô, e a parte da rigidez dos dois, mas eu acho que principalmente de vovó também. 

Não, mas dele e de mainha também. Mas mainha é menos flexível. Minha mãe é mais dura. Ela não é muito flexível. Meu pai é mais flexível, ela não. 

Sim. Ok, e agora a próxima. Qual a característica que a senhora mais se orgulha de ter passado para mim? 

Essa parte de ser uma pessoa mais solidária, mais humana. Eu acho que é ter mais empatia, que hoje se precisa ter olhos de ver as coisas com sentido mais apurado. Não ver as coisas, que eu falo muito, não ver as coisas simplesmente só por ver o que está acontecendo ali, mas o porquê das coisas que estão acontecendo. Eu acho que isso eu consigo passar para você. Você consegue ver isso muito, porque eu falo muito nisso, eu bato muito nisso, que as coisas não podem ser vistas simplesmente só porque você vê, olha e está ali. Não, mas tem que ver o porquê daquilo que está acontecendo ali. Isso a gente tem que analisar e não pode ser, a gente não pode tirar conclusões daquilo porque está ali. Só porque está ali, aí você tira a conclusão daquilo que está ali. Tem que tirar a conclusão do porquê chegou até aquilo ali. E tentar combater antes de chegar aquilo ali, tentar não deixar que aquilo, se quiser que não aconteça, fazer com que aquilo não chegue até o ponto que está do jeito que está. 

E é exatamente, voltamos ao ponto que eu falo, as coisas estão do jeito que estão hoje porque ninguém combate, ninguém vai atrás das causas que estão lá atrás. Continua combatendo o que está hoje. É como se combater, estamos em um grande tanque cheio d'água e esse tanque tem um vazamento que a gente não sabe, esse vazamento está lá, aí o que acontece que fazem hoje? Colocam um balde para a água que está vazando, em vez de... 

procurar o furo e tapar o furo por dentro. 

Sim. E isso é que tem que ser feito, mas não, as pessoas estão colocando a balde ali, enchendo, quando a balde enche, aí vai lá e coloca outro balde, aí vai aparando, tapando o sol com a peneira, vão tapando o buraco, aqui, ali, ali, e nunca consertam as coisas como devem ser consertadas. Por isso que a história das enchentes, as grandes enchentes, os grandes problemas estruturais das cidades é em consequência disso aí, ninguém trata os problemas na fonte, não põe o dedo na ferida. Isso em todas as causas, a educação das crianças, as crianças hoje estão do jeito que estão porque ninguém vai... A educa, desde o começo, como é que tem que ser educada. Hoje em dia é tudo, é a educação aos filhos, é prioridade aos filhos, hoje os filhos são uns pequenos tiranos, os filhos pequenos são os deuses dentro de casa, e não pode ser assim. No meu tempo, quem era o provedor era o meu pai, o meu pai era o rei dentro de casa, para ele era tudo, ele era a melhor comida, era a melhor cadeira, era a melhor tudo, o melhor lençol, tudo era para ele, porque ele era o provedor, hoje em dia não, hoje é para os filhos, as melhores coisas são para os filhos, e isso está errado, nem tanto é o sol, nem tanto é o mar, nem tanto é o mar, nem tanto é a terra, como diz o outro. Estava errado antigamente porque era muito exagero e hoje está errado também, mas eu prefiro o meu tempo do que hoje, porque hoje estão se criando pequenos tiranos, é isso que está acontecendo. 

Ok.

Diga. 

Tem algo em mim que te surpreende e que a senhora acha que não tem nada a ver com você? 

Assim eu não, assim me pegando assim de surpresa, não sei, na hora, nas coisas, às vezes, sim, tem coisas às vezes que eu pergunto e você me responde de uma forma que me surpreende, tem algumas coisas que eu, alguns atos, mas, assim, me perguntando, não... 

Não tem nada que te lembre de alguma coisa que é totalmente diferente de alguma coisa? 

São detalhes pequenos que, às vezes, a forma como minha filha vê, responde, me mostra, que é como se fosse assim, eu acho que é como se me mostrasse uma forma diferente de ver as coisas, entendeu? E isso aí faz de vez em quando, mas não consigo pontuar, dizer exatamente o que é, mas o que acontece ali, acolá, sim, isso acontece.

Ok. E a última pergunta, se a senhora pudesse dar um conselho para mim, como mãe e como filho de seus pais, qual seria? 

Como mãe e filha? 

Como minha mãe e filha de seus pais, um conselho para a senhora. Se a senhora quisesse dar um conselho. Tem alguma coisa? 

Não, eu acho assim, a vida da pessoa, cada um tem suas experiências, eu não posso dizer, tem algumas coisas que eu posso aconselhar, tem coisas que são tragédias anunciadas, que eu posso dizer: ""olha, não faça assim, porque é assim, pode acontecer isso, isso e isso"". Mas, no geral, eu gostaria muito de que um passo importante que você fosse dar na sua vida, você sempre perguntasse a quem? Ou a mim, ou a sua avó, o seu avô, alguém que pudesse lhe dar um conselho. Mas, no final, você pudesse, eu gostaria que você tivesse a capacidade de ter a consciência de tomar a decisão correta, mas o bom é que você sempre consiga ter as suas próprias experiências, tirar as suas próprias conclusões. Obviamente, sem correr risco. Tem coisas que a pessoa, não, vou tirar, vou fazer isso, porque eu tenho que correr o risco, eu tenho que ter essa experiência. Não é assim. A vida da gente, cada um tem suas experiências, cada um tem que passar por alguma coisa para poder vivenciar. Não, não vou fazer isso, porque eu não vou correr risco. Se a gente não correr risco, a gente não vive. Se a pessoa não for viver... Não, eu não vou viver, viver é correr risco. Você está vivendo, você está correndo risco todos os dias. Então, a vida é um constante correr risco. Então, o que eu quero passar para você é que você aprenda, pelo menos comigo, de que a gente tem que correr risco, mas tem que correr risco minimamente com segurança. Mas a gente não pode deixar de fazer as coisas por medo ou porque não vai dar certo. Não, a gente tem que arriscar. A gente tem que arriscar, porque se a gente não arriscar, a gente não vai saber se deu certo ou se não deu. Se não deu certo, mas valeu a pena. Não tem como. Tem que arriscar.

A vida da gente tem que arriscar. A gente não vai fazer coisas que corram risco de vida. Eu acho que já mostrei que já arrisquei bastante na minha vida, que já fiz coisas dentro de uma certa segurança. Eu não faço nada que não esteja em uma certa segurança, mas tem que arriscar. A vida da gente tem que arriscar, porque é isso que afeta a vida. Os riscos, a história da gente é essa. Eu fiz isso, não deu certo. Mas aí eu fui para outro, fiz outra coisa. E assim vai.

Porque tem coisas que a gente até sabe como vai ser o final, mas, se a gente não viver aquilo, a gente não vai entender cem porcento como é. 

A vida da gente faz o que pode até o destino ser revelado. A gente não sabe o que vai acontecer. A gente não sabe o que vai acontecer, mas a gente faz pensando que pode. Aquilo que a gente quer vai dar certo, mas, às vezes, não dá. Mas a gente tem que fazer por ordem, porque a gente não sabe. Até que o destino seja revelado. Mas a minha experiência de vida é que a gente não pode correr atrás de um sonho, de uma coisa, e gastar todos os nossos esforços naquilo ali sem olhar para os lados. Só olhar em fresta, ficar olhando aquilo ali naquele sonho. Essa foi a lição de vida que eu aprendi. A gente tem que deixar as portas abertas e deixar as coisas virem. Porque, na minha experiência de vida, a maioria das coisas que eu pensei em ir atrás, não deram certo. Então, hoje, eu espero que as coisas venham para mim e, a partir daquilo que vem, eu sigo. Eu pego o que vem e sigo com aquilo que vem para mim. Porque ficar batendo na porta de coisas, tentando, tentando, tentando, naquilo que, às vezes, você deixa de ver o que está do lado, que é a oportunidade. É muito melhor do que aquilo que você está olhando em frente sem olhar para os lados. Isso aí é uma lição que muita gente só aprende com o tempo. Mas, hoje, na minha experiência, é essa a experiência que eu passo para você. 

Está bem. Obrigada, mãe."
Entrevista_Michel.txt;"Entrevistador: Oi mãe, tudo bem? Estou a fazer um trabalho da universidade e precisava mesmo falar contigo. É só uma entrevista rápida, coisa de uns 20 minutos. Pode ser?
Entrevistado: Oi meu filho, tudo sim, graças a Deus! Claro que sim, diz lá.
Entrevistador: Então, queria começar com uma pergunta mais emocional. Que característica herdaste de um dos teus pais e da qual te sentes orgulhosa?
Entrevistado: Hmm… boa pergunta. Acho que herdei da minha mãe a empatia. Ela era uma mulher de coração grande, mesmo sem ter muito, sempre ajudava os outros — família, vizinhos, até pessoas que ela nem conhecia bem. E eu vejo isso em mim também. Às vezes até demais (risos). Sempre fui de acolher, ouvir, preocupar-me com os outros. E sim, isso é algo que me dá muito orgulho, porque hoje em dia o mundo tá muito frio, muito egoísta.
Entrevistador: É verdade… lembro bem de ti a cuidar de toda a gente, mesmo quando estavas cansada.
Entrevistado: Pois é… a gente aprende com o exemplo. E ela foi o meu.
Entrevistador: E agora ao contrário: tem alguma característica tua que tu achas que eu ou a minha irmã herdámos e que te deixa orgulhosa?
Entrevistado: Ahhh, com certeza. A tua força de vontade. Sempre lutei pelos meus objetivos, mesmo quando tudo parecia difícil, eu nunca parei. E vejo isso em ti, Txelito. Saíste do país, estás a estudar, a trabalhar, a fazer tudo sozinho… isso é teu, mas também tem ali um bocadinho meu (risos). E sim, fico mesmo muito orgulhosa disso.
Entrevistador: Aww mãe… agora fiquei com o coração apertado (risos).
Entrevistador: Lembras-te de alguma situação que mostra bem essa força que tu passaste para nós?
Entrevistado: Lembro sim. Quando chegaste em Portugal, sem muito dinheiro, sem casa certa, tudo incerto… mesmo assim, tu não me pediste nada. Tu desenrascaste-te, foste trabalhar, estudar, aguentaste. E isso fez-me lembrar de quando eu fui viver com o teu pai. Também queria estudar, mas tive de trabalhar logo. Depois engravidei da tua irmã, e mesmo assim consegui dar a volta. Segui em frente mesmo cansada. E essa força, essa coragem… tá aí dentro de ti também.
Entrevistador: Sim, eu lembro que já me contaste isso, mas queria ouvir agora outra vez, pra poder usar no meu trabalho. Sempre foste o meu exemplo de coragem…

Entrevistador: Obrigado, mãe. Foi mesmo bom falar contigo. Agora vou escrever isto tudo e traduzir também, que é para entregar na universidade.
Entrevistado: Está bem, meu filho. Depois manda pra eu ver como ficou, sim?
Entrevistador: Deixa-me só tirar uma foto desta chamada, que é pra pôr como registo.
Entrevistado: Vai lá. Beijinhos, meu filho. Qualquer coisa, estou aqui. Te amo!"
Luis.txt;"Entrevista a Luís M., 79 anos

Entrevistadora: Obrigada por me dares esta entrevista. Querias que me dissesses uma coisa, uma característica do teu pai ou da tua mãe que tu admiras e que sentes que herdaste e que te foi transmitida de alguma maneira. Que tu herdaste ou que eles te ensinaram que te foi transmitida e que tu gostas de ter.

Luís: Não é propriamente transmitida voluntariamente, mas acho que herdei do meu pai a generosidade. (Choro)

Entrevistadora: Um bocadinho difícil, não é?

(Neste momento a entrevista foi interrompida para lidar com as emoções)

Luís M.: No momento, nas alturas de decisão sobre o futuro dos filhos, eu fui beneficiado por ter a anomalia na perna e por ele ter acreditado em mim. Ele acreditava, acreditava em mim. E os meus irmãos aceitaram aquilo que ele imprimiu à mesa com todos a verem e a ouvirem.
E sinto que fui muito privilegiado por isso. E, claro, estou agradecido a todos. E não pude exprimi-lo a alguns,... à Leta.
Ao Nato. 

Entrevistadora: Ao Nato, exprimiste, sentes que não? Acho que ele sentiu sempre. 

Luís M.: Não foi o suficiente.
Porque ele trabalhou a minha personalidade. Puxava por mim. E facilitava-me.
Se eu precisasse de qualquer coisa, ele arranjava. Tinha que ser, tinha que ser. Eu nunca precisei de nada de especial.
Precisei quando foi da Patrícia ir para o Canadá. Pedi-lhe alguma ajuda. E ele deu-me. Deu-me sempre. 
O meu pai não tinha as mesmas possibilidades, porque também não tinha tido uma mocidade tão protegida como nós, os filhos dele. Ele protegia os filhos bastante.
Mas também não castigava... O meu irmão, o Chico era um badanas. Ele não ligava puto a nada, e tal.
Nem à família. E o meu pai só reagia a perguntar. Olha lá, hás-de me dizer quanto é que eu te devo. 
Hás-de me dizer quanto é que eu te devo. E ele, claro, não sabia dizer. Explorava o pai sempre que podia.
E os irmãos. Mas pronto, era isso. 

Ent.: E ele não reagia. Ele só reagia... 

Luís M.: Fazia essa pergunta. 

Ent.: Protestava um pouco. 

Luís M.: Protestava. E eu herdei um bocado isso. Também não sou suficientemente... Não sou rígido. Não castigo.
Acho que não sei castigar. Mas pronto. 

Ent.: E achas que é preciso? Que fazia mais falta? 

Luís M.: Não, em relação aos filhos, não. Mas em relação ao exterior... Quando eu era diretor da urgência, podia ter sido mais rígido. 

Ent.: Veemente, sim. 

Luís M.: E não fui muito. Mas correu bem. Correu bem. Pelos vistos, há alguns colegas que hoje dizem, e isto é uma herança do meu pai, que eu fui um diretor de que eles gostavam.
Vê lá as horas... 

(Pergunta sobre as filhas)

Luís M.: Lembro-me quando íamos numa viagem nos Pirinéus. Íamos para a França, acho eu.
E dou fé que as meninas foram jantar, quiseram uma mesa para elas, e entenderam-se com o ""criado"" (empregado de mesa). En français.

Ent.: Ficaste contente. 

Luís M.: Eu achei aquilo... Fiquei comovido.

Ent.: Foi comovente 

Luís M.: Absolutamente. Mais do que eu, elas eram melhores. Foi bom.
Mais do que sim. Foi o facto... Eu não costumo gabar-me.

Ent.: Não é uma coisa só de gabar. Eu acho que nós todos sentimos que temos coisas boas. E, por exemplo, eu fui muito... 

Luís M.: Aquela facilidade...A competência social, por um lado.
Ter uma competência social a ser capaz de enfrentar. E a competência linguística. Achei aquilo muito bonito.

Ent.: Nós acho que sentimos todas, também, que aprendemos ou que herdámos de vocês a curiosidade de aprender sempre e a estar sempre... a gostar de saber coisas novas e não haver fim para isso. Nunca achar que aquilo que a gente sabe é suficiente. Isso é uma coisa muito boa.
E faz parte disso, não é? De a gente querer exercer, aprender uma coisa, quer mexer, quer fazer. 

Luís M.: Se, por um lado, tinham herdado de mim, a mim encheu o ego. 

Ent.: E de características? Tens mais alguma comum a todas? Tipo, de maneira de ser, de caráter? 

Luís M.: Acho que... Caráter honesto, frontal, generoso, por outro lado.
Acho que sim, que me posso envaidecer das filhas. Eu acho que tenho... ou que eduquei três meninas de classe mundial. 

Ent.: Que bom.

Luís M.: É só.

Ent.: É só? Pronto, vamos parar. Obrigada. 

Luís M.: De nada."
MariaEdite.txt;"Entrevista a Maria Edite, 77 anos


M. Edite: Então diz-me outra vez quais são as perguntas que há para eu pôr aqui que eu já não me lembro. 

Ent.: As perguntas? Primeira é, eu queria saber uma característica do teu pai e da tua mãe que tu admiras e que sentes que eles transmitiram para ti.
Portanto, uma característica tua, de que tu te orgulhas e que sentes que herdaste do teu pai e da tua mãe. Ou uma de cada, como tu tiveres vontade de falar. 

M. Edite: Tem de ser do pai e da mãe ou pode ser dos avós? 

Ent.: Pode ser dos avós também.

Ou outra coisa. 

Ent.: E uma característica das tuas filhas, de uma ou das que tu quiseres, que sentes, que te orgulhas também e que sentes que foste tu que transmitiste para elas. Que elas herdaram de ti ou que tu lhes ensinaste.
O que quiseres. 

M. Edite: Então posso começar? Pronto. Eu acho que herdei algumas coisas completamente diferentes, quer do pai, quer da mãe.
Mas tem coisas que eu admiro mais ainda, admiro no pai e na mãe, coisas que herdei. E que pode ser a sinceridade, a independência, gostar de fazer as coisas bem feitas, ter, pôr os outros a fazer as coisas bem feitas, tentar ensinar o máximo que pudessem. Mas sobretudo, apreciei muito nas minhas duas avós.

Que quer da mãe do meu pai, quer da mãe da minha mãe, eram pessoas com alguma educação, com alguma formação, com alguma educação intelectual, com alguma formação. Mas que apesar das vicissitudes da vida, uma porque ficou viúva com uma filha de dois anos. Outra porque tinha dez filhos, conseguiram ter uma emancipação, cuidar delas, ser independentes, fazer formação aos filhos, tentar educá-los e pô-los cada um com as suas características, mas que eles tentassem ter uma vivência normal, sem ultrapassarem os problemas e tentassem aprender na vida, subir na vida, aprender o máximo que pudessem.

E todos eles tiveram uma educação, tiveram uma profissão digna para poder manter na vida. E depois, aglomerava tanto uma como outra, fazia muito, juntava a família sempre que podia para se poder fazer as pessoas conversarem, falarem. Portanto, de uma e outra tinham, embora com educações completamente diferentes e com situações na vida completamente diferentes, conseguiram fazer isso.

E isso foi uma coisa que me marcou. Eu continuo a lembrar muito bem dos almoços do ano novo em casa da minha avó paterna e das coisas que a minha avó materna me ensinou, a fazer a malha. A minha profissão não ia ser essa, mas elas diziam assim, quanto mais coisas tu soubesse fazer, mais independente tu vais ser na vida.

E isso foi uma das coisas que eu apreciei muito. Tentei ultrapassar sempre os problemas com essas atitudes e tentei incluir isso nas minhas filhas e nos meus netos. Acho que consegui mais nas filhas do que nos netos, mas consegui de alguma maneira, o que é natural também, de alguma maneira consegui.

Acho que tenho três filhas, todas diferentes umas das outras, com características pessoais. Umas têm mais umas facetas minhas, outras têm outras facetas minhas, ambas têm dos dois pais, do pai e da mãe, com coisas que fizeram com que elas fossem amigas umas das outras, singrassem na vida, fizessem uma boa formação intelectual e uma boa profissão. E isso, eu orgulho-me muito disso, acho que isso é uma coisa muito importante.

Sobretudo numa época em que as mulheres, eu cresci numa época em que as mulheres eram escravas do mundo e, portanto, fazer com que na família as coisas não acontecessem assim, acho que é uma honra, foi uma honra para mim, para os meus, se eles tivessem feito isso, o que eu tento fazer, eu acho que consegui. Pronto, acho que isso é uma coisa importante. 

Ent.: E achas que nós aprendemos isso também? Acho que sim, acho que sim, acho que sim.

Eu, pelo menos, penso que sim, sinto isso. Não sei se vão conseguir fazer isso da mesma maneira os vossos descendentes, mas não é fácil, também os condicionalismos agora são diferentes, as liberdades são diferentes também, portanto, não é exatamente igual, até as dificuldades nas profissões também são diferentes, mas que acho que estão, têm tentado e para já, o que eu tenho visto dos netos, para já estão a tentar. 

Ent.: Sentes que são pessoas bem formadas? 

Exatamente, exatamente.

Ent.: Muito obrigada. 

M. Edite: Nada."
Pedro.txt;"
Pedro: Uma aprendizagem que levo do meu pai é o facto de ele ser uma pessoa prática, de ensinar uma arte, de trabalhar sempre com as mãos, que se pode conseguir as coisas pela praticidade, primeiramente fazer arte da carpintaria, fazer algo material, fazer móveis, fazer teares, acho que é giro ter aprendido isso dele, que é tu com as tuas mãos, vês um fruto de uma máquina, algum objeto, faz-me seguro de que com as tuas mãos podes fazer muitas coisas, muitas realizações, e podes adaptar isso para tentar ter uma vida prática, solucionar sempre problemas práticos, usando essa competência, usando(…) 

Ent.: Saber que tens esse recurso em ti, que és capaz. 

Pedro: Sim, e que não me mete medo, às vezes até exagero, porque há coisas mais complicadas que não me devo meter a fazer, mas como herdei isso dele, de ser explorador, de tentar perceber qual é o problema, faz-me com que me meta a fazer coisas não só de uma arte que ele exerceu, mas também outras coisas de manutenção de automóvel ou até manutenção de computadores, é por aí. 

Ent. Queres parar? 

Pedro: Sim.

(sobre o filho:)

Pedro: A seguir tenho de mandar uma fotografia, é isso, que simbolize isso? 

Ent.: Não tem que ser isso, pode ser outra coisa qualquer, uma coisa que(…) 

Pedro: Isso é fácil.
Em relação ao Hugo, o que acho que tentei passar é o gosto por ser livre, por pensar por si, por fazer filtros, por não aceitar à primeira vista qualquer tipo de informação, qualquer tipo de ordem ou qualquer tipo de tendência. O que espelha muito quando me falaste da fotografia foi uma fotografia que tenho lá em casa, uma impressão da fotografia, ele deve ter 7 ou 8 anos, mas ele está na praia, e tem uma postura de liberdade fantástica, faz uma figura de... sou livre, sou feliz, não sei o quê, é muito fixe.
E concretamente essa fotografia está associada a um gesto que ele estava numa altura em que idealizava o pai, o pai era o super-herói. E então, sei que estávamos a fazer uma construção também na areia, e ao lado estava um pai com um miúdo, e eram até estrangeiros, ele foi-lhes dizer ao pai que o meu pai é o melhor pai do mundo, é o meu herói. Porque tinha lá um barco, uma construção muito mais fixe do que a deles.
E realmente essa fotografia, lá está, simboliza isso.

Ent.: E sentes que ele assimilou essa coisa da liberdade e do filtro, que ele vive isso? 

Pedro: Sim, sim. Basta ver as vezes a postura dele perante determinadas tendências de moda, ou conhecer os amigos dele, dá para perceber que ele se rodeia também de um grupo de amigos que questionam duas vezes, têm já um espírito autocrítico que é muito bom.
E várias pessoas têm dito que estes miúdos são diferentes, e isso faz-me feliz, porque não sou eu só a ver isso, mas também outras pessoas a ver que realmente eles têm uma postura perante a vida diferente. Tem a ver um pouco de eles saberem filtrar, e de saberem fazer as suas próprias escolhas, e começarem a pensar também neles, na centralidade deles. E isso é muito fixe.

Ent.: Obrigada."
Sara.txt;"Entrevista realizada a Sara R., 51 anos

Sara: Acho que a característica positiva é que eu sinto o que está mais... o que é mais evidente em mim. É o ato de... de cozinhar para os outros. Significar o carinho e o amor que se tem por eles.

Ou seja, isso é mesmo um ato de amor. E eu acho que ao longo do tempo isto se tem evidenciado mais. Faz parte do que a minha mãe passou para mim, acho eu.

Se não é... Da parte dela, inicialmente era só uma obrigação cozinhar diariamente para os filhos, para o marido. Mais tarde, com os almoços de domingo ou... datas festivas em que ela cozinhava alguma coisa que lhe dava imenso prazer e que os outros... e que lhe dava imenso prazer a ela cozinhar. E depois havia o feedback... de quem ia a essas... a essas refeições.

Ou seja, era uma coisa prazerosa. E a mim acontece o mesmo. Quando cozinho... com mais prazer é quando há algum evento mais específico.

O especial. E que acho que é a parte mais, para mim, mais... quase mais importante de ser a... dar prazer através da comida. A quem se dá a comida, comigo.

Não é prazer, é partilhar, é mesmo carinho, é amor. Acho que é isso."
Relogio.txt;"Explicação de Luís M. sobre o objeto escolhido (relógio de bolso)

Luís: Durante muitos anos, eu ouvia a expressão marca Roscoff como designação de uma coisa que não prestava, que alguém atribuía um certo valor, mostrava, exibia, e as pessoas diziam, ah, isso é marca Roscoff, como se fosse uma coisa muito desvalorizada. Entretanto, um dia, o meu irmão mais velho disse-me, não, a marca Roscoff era uma marca boa. É um dos primeiros relógios que se comprava e durava muitos anos na mão das pessoas.

Eu fiquei com aquela ideia e pronto, confrontar Roscoff com coisa boa, coisa má, ficou na minha posição. Então, um dia, numa feirinha artesanal, de praça, de pública, eu descobri, quando procuro, Roscoff. E é uma coisa antiga isto.

Pronto, achei graça e até... 

Ent.: E funcionava? 

Luís: E funcionava, e funciona. 

Ent.: Mas se calhar a coisa de dizer a marca Roscoff era dizer que não precisou de comprar um novo, porque ainda tinha o Roscoff. 

Luís: Às tantas...

Ent.: Mas tens um relógio novo? Não, esta aqui é a marca Roscoff. Passaram a ser sinal de durabilidade e não de coisa de fraca qualidade. 

Luís: Eu até vou ver se é que funciona.

Mas independentemente de estar... 

Ent.: E faz barulho? Ah, sim, tic-tac. Tic-tac.

Luís: E tem mais de 100 anos, de certeza. Emprestei ao meu irmão para ele depois exibir, junto das pessoas que... Que ele quisesse mostrar. Quando quisesse mostrar.

Roscoff. Roscoff, a marca está aqui. E pronto, ele, pouco tempo antes de morrer... 

Ent.: Entregou-te o relógio? 

Luís: Devolveu-me o relógio.

E é assim. 

Ent.: Muito gira essa história. Obrigada.

Muito gira."
Maquina.txt;"Descrição foto máquina da entrevista do Pedro

Esta máquina relaciona-se com o que falei sobre a transmissão de saberes do meu pai, porque era um elemento essencial na execução do, por exemplo, da marcenaria e do que nós chamávamos de fazer teares, porque é uma serra de fita e só com esta máquina é que poderíamos fazer as chamadas rodas dentadas."
